Dataset,Threshold,Accuracy,Precision,Recall,F1_Score,ROC_AUC
Test,0.7000000000000002,0.9994733330992591,0.905511811023622,0.777027027027027,0.8363636363636363,0.9209950996779064
Train,0.7000000000000002,0.9998746012319175,0.9761194029850746,0.9505813953488372,0.9631811487481591,0.9999042546851666
