Dataset,Accuracy,Precision,Recall,F1_Score,ROC_AUC
Test,0.9992977774656788,0.775,0.8378378378378378,0.8051948051948052,0.9617825179068511
Train,0.9998344736261311,0.9124668435013262,1.0,0.9542302357836339,0.9999867665514509
